INSERT INTO employee(EMPLOYEE_ID,EMPLOYEE_NAME,CONTACT_NO,EMAIL_ID,JOINING_DATE,SALARY,AADHAR_ID,DOB) VALUES ('EMP0001','akshat sadharakiya',8511383255,'akki07@gmail.com','01-03-12',25000,348198,'1996-07-01');
INSERT INTO employee(EMPLOYEE_ID,EMPLOYEE_NAME,CONTACT_NO,EMAIL_ID,JOINING_DATE,SALARY,AADHAR_ID,DOB) VALUES ('EMP0002','prem patel',6491116938,'prem5612@gmail.com','04-06-02',32000,852753,'1999-07-03');
INSERT INTO employee(EMPLOYEE_ID,EMPLOYEE_NAME,CONTACT_NO,EMAIL_ID,JOINING_DATE,SALARY,AADHAR_ID,DOB) VALUES ('EMP0003','jay patel',7175233243,'jp086@gmail.com','01-12-09',18000,354206,'1998-12-04');
INSERT INTO employee(EMPLOYEE_ID,EMPLOYEE_NAME,CONTACT_NO,EMAIL_ID,JOINING_DATE,SALARY,AADHAR_ID,DOB) VALUES ('EMP0004','nidhi dalal',6314079258,'nd456@gmail.com','16-03-11',45000,702557,'2000-11-11');
INSERT INTO employee(EMPLOYEE_ID,EMPLOYEE_NAME,CONTACT_NO,EMAIL_ID,JOINING_DATE,SALARY,AADHAR_ID,DOB) VALUES ('EMP0005','shanaya dugar',7648310986,'shanaya7812@gmail.com','11-03-21',68000,369185,'2002-12-03');
INSERT INTO employee(EMPLOYEE_ID,EMPLOYEE_NAME,CONTACT_NO,EMAIL_ID,JOINING_DATE,SALARY,AADHAR_ID,DOB) VALUES ('EMP0006','atharv hayer',7384767291,'atharv432@yahoo.com','03-04-14',75000,329507,'2001-03-09');
INSERT INTO employee(EMPLOYEE_ID,EMPLOYEE_NAME,CONTACT_NO,EMAIL_ID,JOINING_DATE,SALARY,AADHAR_ID,DOB) VALUES ('EMP0007','deepak kunda',8515855877,'kunda232@gmail.com','18-01-09',29000,823827,'1994-02-12');
INSERT INTO employee(EMPLOYEE_ID,EMPLOYEE_NAME,CONTACT_NO,EMAIL_ID,JOINING_DATE,SALARY,AADHAR_ID,DOB) VALUES ('EMP0008','ankur maru',8371247249,'ankur009@gmail.com','19-03-01',35000,335385,'1995-02-27');
INSERT INTO employee(EMPLOYEE_ID,EMPLOYEE_NAME,CONTACT_NO,EMAIL_ID,JOINING_DATE,SALARY,AADHAR_ID,DOB) VALUES ('EMP0009','shreya biswas',9537578595,'sb51203@gmail.com','20-10-16',80000,677152,'1996-02-28');


INSERT INTO volunteer(VOLUNTEER_ID,EMPLOYEE_ID,VOLUNTEER_NAME,CONTACT_NO,NO_OF_HRS) VALUES ('V0001','EMP0002','kavan joshi',7739737119,18);
INSERT INTO volunteer(VOLUNTEER_ID,EMPLOYEE_ID,VOLUNTEER_NAME,CONTACT_NO,NO_OF_HRS) VALUES ('V0002','EMP0003','jash vaidya',7183156630,38);
INSERT INTO volunteer(VOLUNTEER_ID,EMPLOYEE_ID,VOLUNTEER_NAME,CONTACT_NO,NO_OF_HRS) VALUES ('V0003','EMP0001','eshika jivnani',8368646543,21);
INSERT INTO volunteer(VOLUNTEER_ID,EMPLOYEE_ID,VOLUNTEER_NAME,CONTACT_NO,NO_OF_HRS) VALUES ('V0004','EMP0005','mann desai',8411053789,67);
INSERT INTO volunteer(VOLUNTEER_ID,EMPLOYEE_ID,VOLUNTEER_NAME,CONTACT_NO,NO_OF_HRS) VALUES ('V0005','EMP0005','pratham sharma',7789036630,60);
INSERT INTO volunteer(VOLUNTEER_ID,EMPLOYEE_ID,VOLUNTEER_NAME,CONTACT_NO,NO_OF_HRS) VALUES ('V0006','EMP0004','jinal parekh',7253352611,20);
INSERT INTO volunteer(VOLUNTEER_ID,EMPLOYEE_ID,VOLUNTEER_NAME,CONTACT_NO,NO_OF_HRS) VALUES ('V0007','EMP0008','muskan lalvani',7751858139,54);
INSERT INTO volunteer(VOLUNTEER_ID,EMPLOYEE_ID,VOLUNTEER_NAME,CONTACT_NO,NO_OF_HRS) VALUES ('V0008','EMP0009','kishan bhatt',7079885051,47);
INSERT INTO volunteer(VOLUNTEER_ID,EMPLOYEE_ID,VOLUNTEER_NAME,CONTACT_NO,NO_OF_HRS) VALUES ('V0009','EMP0007','prem parekh',6554372134,38);
INSERT INTO volunteer(VOLUNTEER_ID,EMPLOYEE_ID,VOLUNTEER_NAME,CONTACT_NO,NO_OF_HRS) VALUES ('V0010','EMP0008','om patel',7481469328,14);
INSERT INTO volunteer(VOLUNTEER_ID,EMPLOYEE_ID,VOLUNTEER_NAME,CONTACT_NO,NO_OF_HRS) VALUES ('V0011','EMP0001','jainam shah',7585500595,43);


INSERT INTO food_bank(ITEM_TYPE,ITEM_NAME,QUANTITY,EXPIRY) VALUES ('PRODUCED','MILK',56);
INSERT INTO food_bank(ITEM_TYPE,ITEM_NAME,QUANTITY,EXPIRY) VALUES ('PRODUCED','CURD');
INSERT INTO food_bank(ITEM_TYPE,ITEM_NAME,QUANTITY,EXPIRY) VALUES ('GRAIN','RICE',320);
INSERT INTO food_bank(ITEM_TYPE,ITEM_NAME,QUANTITY,EXPIRY) VALUES ('GRAIN','WHEAT',256);
INSERT INTO food_bank(ITEM_TYPE,ITEM_NAME,QUANTITY,EXPIRY) VALUES ('PULSES','BEANS',80);
INSERT INTO food_bank(ITEM_TYPE,ITEM_NAME,QUANTITY,EXPIRY) VALUES ('PULSES','PEAS',60);


INSERT INTO donar(DONAR_ID,EMPLOYEE_ID,DONAR_NAME,AADHAR_ID,ADDRESS,CONTACT_NO) VALUES ('DNR0001','EMP0002','chinmay chaudhari',677626,'508, green city, surat',8183405237);
INSERT INTO donar(DONAR_ID,EMPLOYEE_ID,DONAR_NAME,AADHAR_ID,ADDRESS,CONTACT_NO) VALUES ('DNR0002','EMP0002','kayomarze billimoria',364746,'21/a deepika society, vadodra',7371328607);
INSERT INTO donar(DONAR_ID,EMPLOYEE_ID,DONAR_NAME,AADHAR_ID,ADDRESS,CONTACT_NO) VALUES ('DNR0003','EMP0003','sarthak golakiya',319859,'A-601 alkapuri apartments, surat',7444531108);
INSERT INTO donar(DONAR_ID,EMPLOYEE_ID,DONAR_NAME,AADHAR_ID,ADDRESS,CONTACT_NO) VALUES ('DNR0004','EMP0001','dhruvil gabani',365761,'B-2 saffron park, ahmedabad',6221665596);
INSERT INTO donar(DONAR_ID,EMPLOYEE_ID,DONAR_NAME,AADHAR_ID,ADDRESS,CONTACT_NO) VALUES ('DNR0005','EMP0001','shashank panchal',390206,'104, ashiyana building, surat',6247872208);
INSERT INTO donar(DONAR_ID,EMPLOYEE_ID,DONAR_NAME,AADHAR_ID,ADDRESS,CONTACT_NO) VALUES ('DNR0006','EMP0004','raj karavadra',662831,'17, birva row house, ahmedabad',6697101534);
INSERT INTO donar(DONAR_ID,EMPLOYEE_ID,DONAR_NAME,AADHAR_ID,ADDRESS,CONTACT_NO) VALUES ('DNR0007','EMP0005','sunita ravel',577804,'30, vallabhacharya society, vadodra',7366843902);
INSERT INTO donar(DONAR_ID,EMPLOYEE_ID,DONAR_NAME,AADHAR_ID,ADDRESS,CONTACT_NO) VALUES ('DNR0008','EMP0005','manjeeet bava',580583,'42, usha nagar, vadodra',6506446260);
INSERT INTO donar(DONAR_ID,EMPLOYEE_ID,DONAR_NAME,AADHAR_ID,ADDRESS,CONTACT_NO) VALUES ('DNR0009','EMP0006','abhilash tripathi',466908,'A-401, lalita tower, surat',8818123051);
INSERT INTO donar(DONAR_ID,EMPLOYEE_ID,DONAR_NAME,AADHAR_ID,ADDRESS,CONTACT_NO) VALUES ('DNR0010','EMP0007','sandhya contractor',339722,'C-801, shaligram society, surat',8750422857);
INSERT INTO donar(DONAR_ID,EMPLOYEE_ID,DONAR_NAME,AADHAR_ID,ADDRESS,CONTACT_NO) VALUES ('DNR0011','EMP0007','hemant desai',424591,'J-604, apple residency, surat',7791607216);
INSERT INTO donar(DONAR_ID,EMPLOYEE_ID,DONAR_NAME,AADHAR_ID,ADDRESS,CONTACT_NO) VALUES ('DNR0012','EMP0007','karishma bhatt',444505,'27, shivanjali row house, vadodra',8020435987);


INSERT INTO donation(DONAR_ID,ITEM_TYPE,ITEM_NAME,QUANTITY,ENTRY_DATE) VALUES ('DNR0002','GRAIN','OATS',11,'2021-04-14');
INSERT INTO donation(DONAR_ID,ITEM_TYPE,ITEM_NAME,QUANTITY,ENTRY_DATE) VALUES ('DNR0002','PRODUCED','CURD',5,'2021-04-16');
INSERT INTO donation(DONAR_ID,ITEM_TYPE,ITEM_NAME,QUANTITY,ENTRY_DATE) VALUES ('DNR0003','PRODUCED','MILK',1,'2021-04-16');
INSERT INTO donation(DONAR_ID,ITEM_TYPE,ITEM_NAME,QUANTITY,ENTRY_DATE) VALUES ('DNR0001','GRAIN','WHEAT',14,'2021-04-16');
INSERT INTO donation(DONAR_ID,ITEM_TYPE,ITEM_NAME,QUANTITY,ENTRY_DATE) VALUES ('DNR0001','PRODUCED','CURD',9,'2021-04-16');
INSERT INTO donation(DONAR_ID,ITEM_TYPE,ITEM_NAME,QUANTITY,ENTRY_DATE) VALUES ('DNR0005','PRODUCED','PROCCESED FOOD',5,'2021-04-16');
INSERT INTO donation(DONAR_ID,ITEM_TYPE,ITEM_NAME,QUANTITY,ENTRY_DATE) VALUES ('DNR0004','PULSES','BEANS',12,'2021-04-16');
INSERT INTO donation(DONAR_ID,ITEM_TYPE,ITEM_NAME,QUANTITY,ENTRY_DATE) VALUES ('DNR0005','PULSES','PEAS',13,'2021-04-16');
INSERT INTO donation(DONAR_ID,ITEM_TYPE,ITEM_NAME,QUANTITY,ENTRY_DATE) VALUES ('DNR0009','GRAIN','RICE',23,'2021-04-14');
INSERT INTO donation(DONAR_ID,ITEM_TYPE,ITEM_NAME,QUANTITY,ENTRY_DATE) VALUES ('DNR0010','PRODUCED','MILK',6,'2021-04-14');
INSERT INTO donation(DONAR_ID,ITEM_TYPE,ITEM_NAME,QUANTITY,ENTRY_DATE) VALUES ('DNR0011','PRODUCED','PROCCESED FOOD',1,'2021-04-14');
INSERT INTO donation(DONAR_ID,ITEM_TYPE,ITEM_NAME,QUANTITY,ENTRY_DATE) VALUES ('DNR0009','PULSES','PEAS',19,'2021-04-14');
INSERT INTO donation(DONAR_ID,ITEM_TYPE,ITEM_NAME,QUANTITY,ENTRY_DATE) VALUES ('DNR0008','PRODUCED','CURD',3,'2021-04-14');
INSERT INTO donation(DONAR_ID,ITEM_TYPE,ITEM_NAME,QUANTITY,ENTRY_DATE) VALUES ('DNR0006','PULSES','BEANS',19,'2021-04-14');
INSERT INTO donation(DONAR_ID,ITEM_TYPE,ITEM_NAME,QUANTITY,ENTRY_DATE) VALUES ('DNR0007','GRAIN','RICE',20,'2021-04-14');
INSERT INTO donation(DONAR_ID,ITEM_TYPE,ITEM_NAME,QUANTITY,ENTRY_DATE) VALUES ('DNR0012','GRAIN','WHEAT',33,'2021-04-14');
INSERT INTO donation(DONAR_ID,ITEM_TYPE,ITEM_NAME,QUANTITY,ENTRY_DATE) VALUES ('DNR0004','PULSES','GREEN GRAM',19,'2021-04-14');


INSERT INTO DONEE(DONEE_ID,VOLUNTEER_ID,DONEE_NAME,CONTACT_NO,AADHAR_ID) VALUES ('DNE0001','V0001','kavya patel',8900232852,735416);
INSERT INTO DONEE(DONEE_ID,VOLUNTEER_ID,DONEE_NAME,CONTACT_NO,AADHAR_ID) VALUES ('DNE0002','V0001','neet goti',8356126173,348805);
INSERT INTO DONEE(DONEE_ID,VOLUNTEER_ID,DONEE_NAME,CONTACT_NO,AADHAR_ID) VALUES ('DNE0003','V0002','kevin modi',8789428469,677919);
INSERT INTO DONEE(DONEE_ID,VOLUNTEER_ID,DONEE_NAME,CONTACT_NO,AADHAR_ID) VALUES ('DNE0004','V0003','pari shah',8128115556,629563);
INSERT INTO DONEE(DONEE_ID,VOLUNTEER_ID,DONEE_NAME,CONTACT_NO,AADHAR_ID) VALUES ('DNE0005','V0002','meet dudhat',6591655208,484552);
INSERT INTO DONEE(DONEE_ID,VOLUNTEER_ID,DONEE_NAME,CONTACT_NO,AADHAR_ID) VALUES ('DNE0006','V0001','param radadiya',6093750006,820731);
INSERT INTO DONEE(DONEE_ID,VOLUNTEER_ID,DONEE_NAME,CONTACT_NO,AADHAR_ID) VALUES ('DNE0007','V0004','preyas mistry',8852990858,601853);
INSERT INTO DONEE(DONEE_ID,VOLUNTEER_ID,DONEE_NAME,CONTACT_NO,AADHAR_ID) VALUES ('DNE0008','V0005','hetal chauhan',7094606285,510984);
INSERT INTO DONEE(DONEE_ID,VOLUNTEER_ID,DONEE_NAME,CONTACT_NO,AADHAR_ID) VALUES ('DNE0009','V0006','rudra pandya',6365726802,432915);
INSERT INTO DONEE(DONEE_ID,VOLUNTEER_ID,DONEE_NAME,CONTACT_NO,AADHAR_ID) VALUES ('DNE0010','V0007','parth parmar',6115424982,637170);
INSERT INTO DONEE(DONEE_ID,VOLUNTEER_ID,DONEE_NAME,CONTACT_NO,AADHAR_ID) VALUES ('DNE0011','V0008','karan vidhani',8216267796,502967);
INSERT INTO DONEE(DONEE_ID,VOLUNTEER_ID,DONEE_NAME,CONTACT_NO,AADHAR_ID) VALUES ('DNE0012','V0009','sakshi mehta',8064611547,814254);
INSERT INTO DONEE(DONEE_ID,VOLUNTEER_ID,DONEE_NAME,CONTACT_NO,AADHAR_ID) VALUES ('DNE0013','V0009','janvi patel',8860338575,776565);


INSERT INTO donated(DONEE_ID,ITEM_TYPE,ITEM_NAME,QUANTITY,DONATION_DATE) VALUES ('DNE0005','PRODUCED','MILK',2,'2021-04-14');
INSERT INTO donated(DONEE_ID,ITEM_TYPE,ITEM_NAME,QUANTITY,DONATION_DATE) VALUES ('DNE0002','PRODUCED','MILK',5,'2021-04-14');
INSERT INTO donated(DONEE_ID,ITEM_TYPE,ITEM_NAME,QUANTITY,DONATION_DATE) VALUES ('DNE0003','GRAIN','WHEAT',5,'2021-04-16');
INSERT INTO donated(DONEE_ID,ITEM_TYPE,ITEM_NAME,QUANTITY,DONATION_DATE) VALUES ('DNE0004','PULSES','BEANS',2,'2021-04-16');
INSERT INTO donated(DONEE_ID,ITEM_TYPE,ITEM_NAME,QUANTITY,DONATION_DATE) VALUES ('DNE0002','PULSES','PEAS',1,'2021-04-14');
INSERT INTO donated(DONEE_ID,ITEM_TYPE,ITEM_NAME,QUANTITY,DONATION_DATE) VALUES ('DNE0006','GRAIN','RICE',1,'2021-04-16');
INSERT INTO donated(DONEE_ID,ITEM_TYPE,ITEM_NAME,QUANTITY,DONATION_DATE) VALUES ('DNE0007','GRAIN','WHEAT',4,'2021-04-14');
INSERT INTO donated(DONEE_ID,ITEM_TYPE,ITEM_NAME,QUANTITY,DONATION_DATE) VALUES ('DNE0005','GRAIN','RICE',2,'2021-04-16');
INSERT INTO donated(DONEE_ID,ITEM_TYPE,ITEM_NAME,QUANTITY,DONATION_DATE) VALUES ('DNE0009','PRODUCED','CURD',2,'2021-04-14');
INSERT INTO donated(DONEE_ID,ITEM_TYPE,ITEM_NAME,QUANTITY,DONATION_DATE) VALUES ('DNE0002','PULSES','BEANS',1,'2021-04-16');
INSERT INTO donated(DONEE_ID,ITEM_TYPE,ITEM_NAME,QUANTITY,DONATION_DATE) VALUES ('DNE0011','PULSES','BEANS',1,'2021-04-16');
INSERT INTO donated(DONEE_ID,ITEM_TYPE,ITEM_NAME,QUANTITY,DONATION_DATE) VALUES ('DNE0001','GRAIN','RICE',3,'2021-04-14');
INSERT INTO donated(DONEE_ID,ITEM_TYPE,ITEM_NAME,QUANTITY,DONATION_DATE) VALUES ('DNE0013','PRODUCED','CURD',3,'2021-04-16');



